{
  "Echo" : {
    "transaction" : "Echo",
    "sampleCount" : 248,
    "errorCount" : 9,
    "errorPct" : 3.6290324,
    "meanResTime" : 921.1169354838713,
    "medianResTime" : 299.0,
    "minResTime" : 223.0,
    "maxResTime" : 5824.0,
    "pct1ResTime" : 2559.2,
    "pct2ResTime" : 3123.6499999999996,
    "pct3ResTime" : 4709.739999999996,
    "throughput" : 3.9613449404999606,
    "receivedKBytesPerSec" : 2.42721914683332,
    "sentKBytesPerSec" : 0.49543329706093764
  },
  "dummy 9" : {
    "transaction" : "dummy 9",
    "sampleCount" : 25,
    "errorCount" : 0,
    "errorPct" : 0.0,
    "meanResTime" : 275.6,
    "medianResTime" : 258.0,
    "minResTime" : 63.0,
    "maxResTime" : 500.0,
    "pct1ResTime" : 492.4,
    "pct2ResTime" : 497.9,
    "pct3ResTime" : 500.0,
    "throughput" : 0.4712624177647081,
    "receivedKBytesPerSec" : 0.003681737638786782,
    "sentKBytesPerSec" : 0.0
  },
  "dummy 8" : {
    "transaction" : "dummy 8",
    "sampleCount" : 16,
    "errorCount" : 0,
    "errorPct" : 0.0,
    "meanResTime" : 268.00000000000006,
    "medianResTime" : 289.0,
    "minResTime" : 52.0,
    "maxResTime" : 454.0,
    "pct1ResTime" : 437.20000000000005,
    "pct2ResTime" : 454.0,
    "pct3ResTime" : 454.0,
    "throughput" : 0.30122750207093907,
    "receivedKBytesPerSec" : 0.0023533398599292115,
    "sentKBytesPerSec" : 0.0
  },
  "dummy 1" : {
    "transaction" : "dummy 1",
    "sampleCount" : 26,
    "errorCount" : 0,
    "errorPct" : 0.0,
    "meanResTime" : 273.84615384615387,
    "medianResTime" : 272.0,
    "minResTime" : 94.0,
    "maxResTime" : 491.0,
    "pct1ResTime" : 428.20000000000005,
    "pct2ResTime" : 474.8999999999999,
    "pct3ResTime" : 491.0,
    "throughput" : 0.5064770624330379,
    "receivedKBytesPerSec" : 0.003956852050258109,
    "sentKBytesPerSec" : 0.0
  },
  "dummy 10" : {
    "transaction" : "dummy 10",
    "sampleCount" : 17,
    "errorCount" : 0,
    "errorPct" : 0.0,
    "meanResTime" : 287.7647058823529,
    "medianResTime" : 327.0,
    "minResTime" : 56.0,
    "maxResTime" : 494.0,
    "pct1ResTime" : 474.0,
    "pct2ResTime" : 494.0,
    "pct3ResTime" : 494.0,
    "throughput" : 0.3017608633910821,
    "receivedKBytesPerSec" : 0.002357506745242829,
    "sentKBytesPerSec" : 0.0
  },
  "dummy 0" : {
    "transaction" : "dummy 0",
    "sampleCount" : 24,
    "errorCount" : 0,
    "errorPct" : 0.0,
    "meanResTime" : 307.70833333333337,
    "medianResTime" : 306.0,
    "minResTime" : 57.0,
    "maxResTime" : 482.0,
    "pct1ResTime" : 475.5,
    "pct2ResTime" : 480.5,
    "pct3ResTime" : 482.0,
    "throughput" : 0.44059333235423703,
    "receivedKBytesPerSec" : 0.003442135409017477,
    "sentKBytesPerSec" : 0.0
  },
  "dummy 3" : {
    "transaction" : "dummy 3",
    "sampleCount" : 13,
    "errorCount" : 0,
    "errorPct" : 0.0,
    "meanResTime" : 326.0769230769231,
    "medianResTime" : 321.0,
    "minResTime" : 132.0,
    "maxResTime" : 480.0,
    "pct1ResTime" : 478.4,
    "pct2ResTime" : 480.0,
    "pct3ResTime" : 480.0,
    "throughput" : 0.23486052897817603,
    "receivedKBytesPerSec" : 0.0018348478826420004,
    "sentKBytesPerSec" : 0.0
  },
  "dummy 2" : {
    "transaction" : "dummy 2",
    "sampleCount" : 24,
    "errorCount" : 0,
    "errorPct" : 0.0,
    "meanResTime" : 236.83333333333334,
    "medianResTime" : 237.0,
    "minResTime" : 55.0,
    "maxResTime" : 427.0,
    "pct1ResTime" : 390.0,
    "pct2ResTime" : 418.0,
    "pct3ResTime" : 427.0,
    "throughput" : 0.519356863084547,
    "receivedKBytesPerSec" : 0.004057475492848023,
    "sentKBytesPerSec" : 0.0
  },
  "dummy 5" : {
    "transaction" : "dummy 5",
    "sampleCount" : 17,
    "errorCount" : 0,
    "errorPct" : 0.0,
    "meanResTime" : 285.5882352941176,
    "medianResTime" : 280.0,
    "minResTime" : 51.0,
    "maxResTime" : 477.0,
    "pct1ResTime" : 463.4,
    "pct2ResTime" : 477.0,
    "pct3ResTime" : 477.0,
    "throughput" : 0.3372681281618887,
    "receivedKBytesPerSec" : 0.0026349072512647552,
    "sentKBytesPerSec" : 0.0
  },
  "dummy 4" : {
    "transaction" : "dummy 4",
    "sampleCount" : 17,
    "errorCount" : 0,
    "errorPct" : 0.0,
    "meanResTime" : 258.6470588235294,
    "medianResTime" : 281.0,
    "minResTime" : 56.0,
    "maxResTime" : 434.0,
    "pct1ResTime" : 413.2,
    "pct2ResTime" : 434.0,
    "pct3ResTime" : 434.0,
    "throughput" : 0.3362408275480132,
    "receivedKBytesPerSec" : 0.002626881465218853,
    "sentKBytesPerSec" : 0.0
  },
  "dummy 7" : {
    "transaction" : "dummy 7",
    "sampleCount" : 27,
    "errorCount" : 0,
    "errorPct" : 0.0,
    "meanResTime" : 269.74074074074076,
    "medianResTime" : 281.0,
    "minResTime" : 59.0,
    "maxResTime" : 492.0,
    "pct1ResTime" : 448.59999999999997,
    "pct2ResTime" : 478.79999999999995,
    "pct3ResTime" : 492.0,
    "throughput" : 0.48040994982384966,
    "receivedKBytesPerSec" : 0.003753202732998826,
    "sentKBytesPerSec" : 0.0
  },
  "Total" : {
    "transaction" : "Total",
    "sampleCount" : 491,
    "errorCount" : 9,
    "errorPct" : 1.8329939,
    "meanResTime" : 602.0977596741351,
    "medianResTime" : 291.0,
    "minResTime" : 51.0,
    "maxResTime" : 5824.0,
    "pct1ResTime" : 1629.400000000001,
    "pct2ResTime" : 2562.7999999999997,
    "pct3ResTime" : 3756.9199999999905,
    "throughput" : 7.8428240555866156,
    "receivedKBytesPerSec" : 2.457543202419935,
    "sentKBytesPerSec" : 0.49543329706093764
  },
  "dummy 6" : {
    "transaction" : "dummy 6",
    "sampleCount" : 28,
    "errorCount" : 0,
    "errorPct" : 0.0,
    "meanResTime" : 258.2857142857143,
    "medianResTime" : 274.0,
    "minResTime" : 61.0,
    "maxResTime" : 456.0,
    "pct1ResTime" : 426.20000000000005,
    "pct2ResTime" : 455.55,
    "pct3ResTime" : 456.0,
    "throughput" : 0.5324104884866232,
    "receivedKBytesPerSec" : 0.004159456941301744,
    "sentKBytesPerSec" : 0.0
  },
  "dummy ${variable}" : {
    "transaction" : "dummy ${variable}",
    "sampleCount" : 9,
    "errorCount" : 0,
    "errorPct" : 0.0,
    "meanResTime" : 325.3333333333333,
    "medianResTime" : 317.0,
    "minResTime" : 168.0,
    "maxResTime" : 486.0,
    "pct1ResTime" : 486.0,
    "pct2ResTime" : 486.0,
    "pct3ResTime" : 486.0,
    "throughput" : 0.22585259354061582,
    "receivedKBytesPerSec" : 0.0017644733870360613,
    "sentKBytesPerSec" : 0.0
  }
}