{
  "Echo" : {
    "transaction" : "Echo",
    "sampleCount" : 266,
    "errorCount" : 6,
    "errorPct" : 2.255639,
    "meanResTime" : 677.9210526315793,
    "medianResTime" : 258.5,
    "minResTime" : 216.0,
    "maxResTime" : 4454.0,
    "pct1ResTime" : 1810.0000000000018,
    "pct2ResTime" : 2489.5999999999985,
    "pct3ResTime" : 3259.6999999999985,
    "throughput" : 4.463162133592846,
    "receivedKBytesPerSec" : 2.757098483196027,
    "sentKBytesPerSec" : 0.5582229777345258
  },
  "dummy 9" : {
    "transaction" : "dummy 9",
    "sampleCount" : 14,
    "errorCount" : 0,
    "errorPct" : 0.0,
    "meanResTime" : 295.1428571428571,
    "medianResTime" : 286.0,
    "minResTime" : 57.0,
    "maxResTime" : 492.0,
    "pct1ResTime" : 488.5,
    "pct2ResTime" : 492.0,
    "pct3ResTime" : 492.0,
    "throughput" : 0.28081436164878143,
    "receivedKBytesPerSec" : 0.0021938622003811054,
    "sentKBytesPerSec" : 0.0
  },
  "dummy 8" : {
    "transaction" : "dummy 8",
    "sampleCount" : 24,
    "errorCount" : 0,
    "errorPct" : 0.0,
    "meanResTime" : 257.04166666666663,
    "medianResTime" : 236.5,
    "minResTime" : 54.0,
    "maxResTime" : 490.0,
    "pct1ResTime" : 472.0,
    "pct2ResTime" : 488.25,
    "pct3ResTime" : 490.0,
    "throughput" : 0.4413224964142547,
    "receivedKBytesPerSec" : 0.0034478320032363652,
    "sentKBytesPerSec" : 0.0
  },
  "dummy 1" : {
    "transaction" : "dummy 1",
    "sampleCount" : 21,
    "errorCount" : 0,
    "errorPct" : 0.0,
    "meanResTime" : 308.80952380952374,
    "medianResTime" : 319.0,
    "minResTime" : 103.0,
    "maxResTime" : 493.0,
    "pct1ResTime" : 477.4,
    "pct2ResTime" : 491.5,
    "pct3ResTime" : 493.0,
    "throughput" : 0.39596492882059015,
    "receivedKBytesPerSec" : 0.003093476006410861,
    "sentKBytesPerSec" : 0.0
  },
  "dummy 0" : {
    "transaction" : "dummy 0",
    "sampleCount" : 24,
    "errorCount" : 0,
    "errorPct" : 0.0,
    "meanResTime" : 305.95833333333337,
    "medianResTime" : 351.0,
    "minResTime" : 59.0,
    "maxResTime" : 458.0,
    "pct1ResTime" : 429.5,
    "pct2ResTime" : 453.25,
    "pct3ResTime" : 458.0,
    "throughput" : 0.4215703495520815,
    "receivedKBytesPerSec" : 0.0032935183558756367,
    "sentKBytesPerSec" : 0.0
  },
  "dummy 10" : {
    "transaction" : "dummy 10",
    "sampleCount" : 19,
    "errorCount" : 0,
    "errorPct" : 0.0,
    "meanResTime" : 275.6842105263158,
    "medianResTime" : 281.0,
    "minResTime" : 50.0,
    "maxResTime" : 480.0,
    "pct1ResTime" : 468.0,
    "pct2ResTime" : 480.0,
    "pct3ResTime" : 480.0,
    "throughput" : 0.4321914380601429,
    "receivedKBytesPerSec" : 0.0033764956098448658,
    "sentKBytesPerSec" : 0.0
  },
  "dummy 3" : {
    "transaction" : "dummy 3",
    "sampleCount" : 26,
    "errorCount" : 0,
    "errorPct" : 0.0,
    "meanResTime" : 299.8076923076923,
    "medianResTime" : 310.0,
    "minResTime" : 78.0,
    "maxResTime" : 497.0,
    "pct1ResTime" : 483.3,
    "pct2ResTime" : 494.9,
    "pct3ResTime" : 497.0,
    "throughput" : 0.4799438834843926,
    "receivedKBytesPerSec" : 0.003749561589721817,
    "sentKBytesPerSec" : 0.0
  },
  "dummy 2" : {
    "transaction" : "dummy 2",
    "sampleCount" : 26,
    "errorCount" : 0,
    "errorPct" : 0.0,
    "meanResTime" : 262.19230769230774,
    "medianResTime" : 265.0,
    "minResTime" : 52.0,
    "maxResTime" : 480.0,
    "pct1ResTime" : 475.9,
    "pct2ResTime" : 479.3,
    "pct3ResTime" : 480.0,
    "throughput" : 0.48165095126062873,
    "receivedKBytesPerSec" : 0.003762898056723662,
    "sentKBytesPerSec" : 0.0
  },
  "dummy 5" : {
    "transaction" : "dummy 5",
    "sampleCount" : 32,
    "errorCount" : 0,
    "errorPct" : 0.0,
    "meanResTime" : 271.96875,
    "medianResTime" : 264.5,
    "minResTime" : 54.0,
    "maxResTime" : 472.0,
    "pct1ResTime" : 436.8,
    "pct2ResTime" : 455.74999999999994,
    "pct3ResTime" : 472.0,
    "throughput" : 0.6007584575526602,
    "receivedKBytesPerSec" : 0.004693425449630158,
    "sentKBytesPerSec" : 0.0
  },
  "dummy 4" : {
    "transaction" : "dummy 4",
    "sampleCount" : 30,
    "errorCount" : 0,
    "errorPct" : 0.0,
    "meanResTime" : 297.5,
    "medianResTime" : 294.5,
    "minResTime" : 63.0,
    "maxResTime" : 494.0,
    "pct1ResTime" : 472.1,
    "pct2ResTime" : 484.65,
    "pct3ResTime" : 494.0,
    "throughput" : 0.5503678291658258,
    "receivedKBytesPerSec" : 0.004299748665358014,
    "sentKBytesPerSec" : 0.0
  },
  "dummy 7" : {
    "transaction" : "dummy 7",
    "sampleCount" : 25,
    "errorCount" : 0,
    "errorPct" : 0.0,
    "meanResTime" : 241.68000000000004,
    "medianResTime" : 224.0,
    "minResTime" : 52.0,
    "maxResTime" : 451.0,
    "pct1ResTime" : 437.8,
    "pct2ResTime" : 450.1,
    "pct3ResTime" : 451.0,
    "throughput" : 0.4493089628151902,
    "receivedKBytesPerSec" : 0.0035102262719936736,
    "sentKBytesPerSec" : 0.0
  },
  "Total" : {
    "transaction" : "Total",
    "sampleCount" : 531,
    "errorCount" : 6,
    "errorPct" : 1.1299435,
    "meanResTime" : 479.8154425612054,
    "medianResTime" : 273.0,
    "minResTime" : 50.0,
    "maxResTime" : 4454.0,
    "pct1ResTime" : 1173.4000000000003,
    "pct2ResTime" : 1826.9999999999961,
    "pct3ResTime" : 2930.879999999993,
    "throughput" : 8.859302267380748,
    "receivedKBytesPerSec" : 2.776091979912241,
    "sentKBytesPerSec" : 0.5550750162670804
  },
  "dummy 6" : {
    "transaction" : "dummy 6",
    "sampleCount" : 18,
    "errorCount" : 0,
    "errorPct" : 0.0,
    "meanResTime" : 313.22222222222223,
    "medianResTime" : 322.0,
    "minResTime" : 57.0,
    "maxResTime" : 497.0,
    "pct1ResTime" : 492.5,
    "pct2ResTime" : 497.0,
    "pct3ResTime" : 497.0,
    "throughput" : 0.37537537537537535,
    "receivedKBytesPerSec" : 0.0029326201201201204,
    "sentKBytesPerSec" : 0.0
  },
  "dummy ${variable}" : {
    "transaction" : "dummy ${variable}",
    "sampleCount" : 6,
    "errorCount" : 0,
    "errorPct" : 0.0,
    "meanResTime" : 194.66666666666669,
    "medianResTime" : 150.5,
    "minResTime" : 69.0,
    "maxResTime" : 417.0,
    "pct1ResTime" : 417.0,
    "pct2ResTime" : 417.0,
    "pct3ResTime" : 417.0,
    "throughput" : 0.11526270291038325,
    "receivedKBytesPerSec" : 9.004898664873691E-4,
    "sentKBytesPerSec" : 0.0
  }
}