{
  "Echo" : {
    "transaction" : "Echo",
    "sampleCount" : 323,
    "errorCount" : 0,
    "errorPct" : 0.0,
    "meanResTime" : 273.3529411764708,
    "medianResTime" : 221.0,
    "minResTime" : 215.0,
    "maxResTime" : 2207.0,
    "pct1ResTime" : 272.6,
    "pct2ResTime" : 384.0,
    "pct3ResTime" : 1852.0799999999997,
    "throughput" : 5.409388554872637,
    "receivedKBytesPerSec" : 3.3854471956590912,
    "sentKBytesPerSec" : 0.6765497301585972
  },
  "dummy 9" : {
    "transaction" : "dummy 9",
    "sampleCount" : 21,
    "errorCount" : 0,
    "errorPct" : 0.0,
    "meanResTime" : 267.4761904761905,
    "medianResTime" : 291.0,
    "minResTime" : 71.0,
    "maxResTime" : 466.0,
    "pct1ResTime" : 449.6,
    "pct2ResTime" : 465.3,
    "pct3ResTime" : 466.0,
    "throughput" : 0.37934211239364873,
    "receivedKBytesPerSec" : 0.0029636102530753807,
    "sentKBytesPerSec" : 0.0
  },
  "dummy 8" : {
    "transaction" : "dummy 8",
    "sampleCount" : 30,
    "errorCount" : 0,
    "errorPct" : 0.0,
    "meanResTime" : 282.1333333333333,
    "medianResTime" : 304.0,
    "minResTime" : 56.0,
    "maxResTime" : 478.0,
    "pct1ResTime" : 468.40000000000003,
    "pct2ResTime" : 474.15,
    "pct3ResTime" : 478.0,
    "throughput" : 0.611085083413114,
    "receivedKBytesPerSec" : 0.004774102214164952,
    "sentKBytesPerSec" : 0.0
  },
  "dummy 1" : {
    "transaction" : "dummy 1",
    "sampleCount" : 21,
    "errorCount" : 0,
    "errorPct" : 0.0,
    "meanResTime" : 271.8095238095238,
    "medianResTime" : 272.0,
    "minResTime" : 56.0,
    "maxResTime" : 477.0,
    "pct1ResTime" : 462.40000000000003,
    "pct2ResTime" : 476.2,
    "pct3ResTime" : 477.0,
    "throughput" : 0.3975540957537436,
    "receivedKBytesPerSec" : 0.003105891373076122,
    "sentKBytesPerSec" : 0.0
  },
  "dummy 0" : {
    "transaction" : "dummy 0",
    "sampleCount" : 28,
    "errorCount" : 0,
    "errorPct" : 0.0,
    "meanResTime" : 293.7142857142857,
    "medianResTime" : 303.0,
    "minResTime" : 66.0,
    "maxResTime" : 499.0,
    "pct1ResTime" : 431.80000000000007,
    "pct2ResTime" : 496.29999999999995,
    "pct3ResTime" : 499.0,
    "throughput" : 0.5164527076877675,
    "receivedKBytesPerSec" : 0.004034786778810683,
    "sentKBytesPerSec" : 0.0
  },
  "dummy 10" : {
    "transaction" : "dummy 10",
    "sampleCount" : 23,
    "errorCount" : 0,
    "errorPct" : 0.0,
    "meanResTime" : 326.0434782608696,
    "medianResTime" : 312.0,
    "minResTime" : 103.0,
    "maxResTime" : 484.0,
    "pct1ResTime" : 477.0,
    "pct2ResTime" : 483.8,
    "pct3ResTime" : 484.0,
    "throughput" : 0.4222197745713551,
    "receivedKBytesPerSec" : 0.0032985919888387123,
    "sentKBytesPerSec" : 0.0
  },
  "dummy 3" : {
    "transaction" : "dummy 3",
    "sampleCount" : 42,
    "errorCount" : 0,
    "errorPct" : 0.0,
    "meanResTime" : 283.4285714285714,
    "medianResTime" : 293.0,
    "minResTime" : 50.0,
    "maxResTime" : 495.0,
    "pct1ResTime" : 440.1000000000001,
    "pct2ResTime" : 480.35,
    "pct3ResTime" : 495.0,
    "throughput" : 0.7560619970837609,
    "receivedKBytesPerSec" : 0.005906734352216882,
    "sentKBytesPerSec" : 0.0
  },
  "dummy 2" : {
    "transaction" : "dummy 2",
    "sampleCount" : 30,
    "errorCount" : 0,
    "errorPct" : 0.0,
    "meanResTime" : 311.36666666666673,
    "medianResTime" : 326.5,
    "minResTime" : 72.0,
    "maxResTime" : 481.0,
    "pct1ResTime" : 474.7,
    "pct2ResTime" : 478.8,
    "pct3ResTime" : 481.0,
    "throughput" : 0.5255321012525181,
    "receivedKBytesPerSec" : 0.004105719541035298,
    "sentKBytesPerSec" : 0.0
  },
  "dummy 5" : {
    "transaction" : "dummy 5",
    "sampleCount" : 27,
    "errorCount" : 0,
    "errorPct" : 0.0,
    "meanResTime" : 262.14814814814815,
    "medianResTime" : 231.0,
    "minResTime" : 58.0,
    "maxResTime" : 497.0,
    "pct1ResTime" : 450.79999999999995,
    "pct2ResTime" : 494.2,
    "pct3ResTime" : 497.0,
    "throughput" : 0.4876727174207532,
    "receivedKBytesPerSec" : 0.0038099431048496343,
    "sentKBytesPerSec" : 0.0
  },
  "dummy 4" : {
    "transaction" : "dummy 4",
    "sampleCount" : 43,
    "errorCount" : 0,
    "errorPct" : 0.0,
    "meanResTime" : 249.65116279069767,
    "medianResTime" : 249.0,
    "minResTime" : 57.0,
    "maxResTime" : 442.0,
    "pct1ResTime" : 404.2,
    "pct2ResTime" : 431.59999999999997,
    "pct3ResTime" : 442.0,
    "throughput" : 0.7692307692307693,
    "receivedKBytesPerSec" : 0.006009615384615385,
    "sentKBytesPerSec" : 0.0
  },
  "dummy 7" : {
    "transaction" : "dummy 7",
    "sampleCount" : 22,
    "errorCount" : 0,
    "errorPct" : 0.0,
    "meanResTime" : 280.95454545454544,
    "medianResTime" : 238.0,
    "minResTime" : 105.0,
    "maxResTime" : 491.0,
    "pct1ResTime" : 482.5,
    "pct2ResTime" : 489.95,
    "pct3ResTime" : 491.0,
    "throughput" : 0.5283127611546035,
    "receivedKBytesPerSec" : 0.0041274434465203395,
    "sentKBytesPerSec" : 0.0
  },
  "Total" : {
    "transaction" : "Total",
    "sampleCount" : 644,
    "errorCount" : 0,
    "errorPct" : 0.0,
    "meanResTime" : 276.44565217391334,
    "medianResTime" : 223.0,
    "minResTime" : 50.0,
    "maxResTime" : 2207.0,
    "pct1ResTime" : 431.0,
    "pct2ResTime" : 474.25,
    "pct3ResTime" : 1267.499999999975,
    "throughput" : 10.785282443770829,
    "receivedKBytesPerSec" : 3.4274463666661084,
    "sentKBytesPerSec" : 0.6765497301585972
  },
  "dummy 6" : {
    "transaction" : "dummy 6",
    "sampleCount" : 34,
    "errorCount" : 0,
    "errorPct" : 0.0,
    "meanResTime" : 264.3235294117647,
    "medianResTime" : 237.0,
    "minResTime" : 74.0,
    "maxResTime" : 497.0,
    "pct1ResTime" : 460.0,
    "pct2ResTime" : 491.75,
    "pct3ResTime" : 497.0,
    "throughput" : 0.5943224723814852,
    "receivedKBytesPerSec" : 0.004643144315480353,
    "sentKBytesPerSec" : 0.0
  }
}